<?xml version="1.0" encoding="UTF-8"?>
<component name="paypal_vault" type="synapse/template">
  <subComponents>
    <component name="storeCreditCardDetails">
      <file>storeCreditCardDetails.xml</file>
      <description>To store credit card details with PayPal.</description>
    </component>
    <component name="deleteCreditCardDetails">
      <file>deleteCreditCardDetails.xml</file>
      <description>To delete details of a credit card.</description>
    </component>
    <component name="lookupCreditCardDetails">
      <file>lookupCreditCardDetails.xml</file>
      <description>To look up details of a credit card.</description>
    </component>
  </subComponents>
</component>