<template name="lookupCreditCardDetails" xmlns="http://ws.apache.org/ns/synapse">

	<!-- Required parameters -->
	<parameter name="id" description="String containing valid creditcard id." />

	<sequence>
		<property name="uri.var.id" expression="$func:id" />

		<call>
			<endpoint>
				<http method="get"
					uri-template="{uri.var.apiUrl}/v1/vault/credit-card/{uri.var.id}" />
			</endpoint>
		</call>

		<!-- Remove response custom header information -->
		<header name="Paypal-Debug-Id" scope="transport" action="remove" />
		<header name="DC" scope="transport" action="remove" />
		<header name="CORRELATION-ID" scope="transport" action="remove" />
		<header name="PROXY_SERVER_INFO" scope="transport" action="remove" />

	</sequence>

</template>