<template name="captureAuthorization" xmlns="http://ws.apache.org/ns/synapse">

	<!-- Required parameters -->
	<parameter name="authorizationId" description="The authorization id" />
	<parameter name="total"
		description="Total amount charged from the payer to the payee" />
	<parameter name="currency" description="3-letter currency code for the amount" />

	<!-- Optional parameters -->
	<parameter name="isFinalCapture"
		description="The boolean value to indicate whether the capturing amount is less than original amount. If set to true, all remaining funds held by the authorization will be released in the funding instrument. Default is false" />

	<sequence>
		<property name="uri.var.authorizationId" expression="$func:authorizationId" />
		<property name="uri.var.total" expression="$func:total" />
		<property name="uri.var.currency" expression="$func:currency" />
		<property name="uri.var.isFinalCapture" expression="$func:isFinalCapture" />
		
		<filter
			xpath="get-property('uri.var.isFinalCapture') = '' or (not(string(get-property('uri.var.isFinalCapture'))))">
			<then>
				<property name="uri.var.isFinalCapture" value="false" />
			</then>
		</filter>		
		
		<payloadFactory media-type="json">
			<format>
				{
				"amount":{
				"total":"$1",
				"currency":"$2"
				},
				"is_final_capture":$3
				}
			</format>
			<args>
				<arg expression="get-property('uri.var.total')" />
				<arg expression="get-property('uri.var.currency')" />
				<arg expression="get-property('uri.var.isFinalCapture')" />
			</args>
		</payloadFactory>

		<property name="messageType" value="application/json" scope="axis2" />

		<call>
			<endpoint>
				<http method="post"
					uri-template="{uri.var.apiUrl}/v1/payments/authorization/{uri.var.authorizationId}/capture" />
			</endpoint>
		</call>

		<!-- Remove response custom header information -->
		<header name="Paypal-Debug-Id" scope="transport" action="remove" />
		<header name="DC" scope="transport" action="remove" />
		<header name="PROXY_SERVER_INFO" scope="transport" action="remove" />

	</sequence>
</template>