<template name="getAccessToken" xmlns="http://ws.apache.org/ns/synapse">
	<!-- Required parameters -->
	<parameter name="clientId" description="Unique client identifier obtained through the application registration process." />
	<parameter name="clientSecret" description="Unique client secret key obtained through the application registration process." />
	
	<sequence>
		<property name="uri.var.clientId" expression="$func:clientId" />
		<property name="uri.var.clientSecret" expression="$func:clientSecret" />
		<property name="uri.var.grantType" value="client_credentials" />
		<property name="uri.var.contentType" value="application/x-www-form-urlencoded" />
				
		<!-- Setting up a new  Authorization header and content-type-->
		<property xmlns:ns2="http://org.apache.synapse/xsd" xmlns:ns="http://org.apache.synapse/xsd" name="Authorization"
			expression="fn:concat('Basic ', base64Encode(fn:concat(get-property('uri.var.clientId'),':',get-property('uri.var.clientSecret'))))"
			scope="transport" type="STRING" />
		
		<property xmlns:ns2="http://org.apache.synapse/xsd" xmlns:ns="http://org.apache.synapse/xsd" name="content-type"
			expression="(get-property('uri.var.contentType'))" scope="transport" type="STRING" />
		
		<payloadFactory media-type="json">
			<format>
			
				  {
				  	"grant_type":"$1"					
				  }
				  
			</format>
			<args>
				<arg expression="get-property('uri.var.grantType')" />				
			</args>
		</payloadFactory>

		<property name="messageType" value="application/x-www-form-urlencoded" scope="axis2" />

		<call>
			<endpoint>
				<http method="post"
					uri-template="{uri.var.apiUrl}/v1/oauth2/token" />
			</endpoint>
		</call>
		
		<!-- Remove response custom header information -->
		<header name="Paypal-Debug-Id" scope="transport" action="remove" />
		<header name="DC" scope="transport" action="remove" />
		<header name="PROXY_SERVER_INFO" scope="transport" action="remove" />
		<header name="CORRELATION-ID" scope="transport" action="remove" />
		<header name="SERVER_INFO" scope="transport" action="remove" />
		<header name="Set-Cookie" scope="transport" action="remove" />
	</sequence>
</template>