<template name="lookupAuthorization" xmlns="http://ws.apache.org/ns/synapse">
	<!-- Required parameters -->
	<parameter name="authorizationId" description="The authorization id" />

	<sequence>
		<property name="uri.var.authorizationId" expression="$func:authorizationId" />
		<call>
			<endpoint>
				<http method="get"
					uri-template="{uri.var.apiUrl}/v1/payments/authorization/{uri.var.authorizationId}" />
			</endpoint>
		</call>
		
		<!-- Remove response custom header information -->
		<header name="Paypal-Debug-Id" scope="transport" action="remove" />
		<header name="DC" scope="transport" action="remove" />
		<header name="PROXY_SERVER_INFO" scope="transport" action="remove" />
		
	</sequence>
</template>