<template name="reAuthorization" xmlns="http://ws.apache.org/ns/synapse">

	<!-- Required parameters -->
	<parameter name="authorizationId" description="The authorization id" />
	<parameter name="total"
		description="Total amount charged from the payer to the payee" />
	<parameter name="currency" description="Currency code for the amount" />

	<!-- Optional parameters -->
	<parameter name="details"
		description="Additional details related to a payment amount" />

	<sequence>
		<property name="uri.var.authorizationId" expression="$func:authorizationId" />
		<property name="uri.var.total" expression="$func:total" />
		<property name="uri.var.currency" expression="$func:currency" />
		<property name="uri.var.details" expression="$func:details" />


		<filter
			xpath="get-property('uri.var.details') = '' or (not(string(get-property('uri.var.details'))))">

			<then>
				<payloadFactory media-type="json">
					<format>
						{
							"amount":{
								"total":"$1",
								"currency":"$2"						
							}
						}
					</format>
					<args>
						<arg expression="get-property('uri.var.total')" />
						<arg expression="get-property('uri.var.currency')" />						
					</args>
				</payloadFactory>

			</then>

			<else>

				<payloadFactory media-type="json">
					<format>
						{
							"amount":{
								"total":"$1",
								"currency":"$2",
								"details": $3
							}
						}
					</format>
					<args>
						<arg expression="get-property('uri.var.total')" />
						<arg expression="get-property('uri.var.currency')" />
						<arg expression="get-property('uri.var.details')" />
					</args>
				</payloadFactory>

			</else>

		</filter>

		<property name="messageType" value="application/json" scope="axis2" />

		<call>
			<endpoint>
				<http method="post"
					uri-template="{uri.var.apiUrl}/v1/payments/authorization/{uri.var.authorizationId}/reauthorize" />
			</endpoint>
		</call>

		<!-- Remove response custom header information -->
		<header name="Paypal-Debug-Id" scope="transport" action="remove" />
		<header name="DC" scope="transport" action="remove" />
		<header name="PROXY_SERVER_INFO" scope="transport" action="remove" />

	</sequence>
</template>