<template name="lookupSale" xmlns="http://ws.apache.org/ns/synapse">
	<!-- Required parameters -->
	<parameter name="id" description="String containing valid sales id of paypal" />

	<sequence>
		<property name="uri.var.id" expression="$func:id" />

		<property name="messageType" value="application/json" scope="axis2" />

		<call>
			<endpoint>
				<http method="get" uri-template="{uri.var.apiUrl}/v1/payments/sale/{uri.var.id}" />
			</endpoint>
		</call>
		
		<!-- Remove response custom header information -->
		<header name="Paypal-Debug-Id" scope="transport" action="remove" />
		<header name="DC" scope="transport" action="remove" />
		<header name="PROXY_SERVER_INFO" scope="transport" action="remove" />
		
	</sequence>
</template>