<?xml version="1.0" encoding="UTF-8"?>
<component name="paypal_identity" type="synapse/template">
  <subComponents>
    <component name="grantTokenFromAuthorization">
      <file>grantTokenFromAuthorization.xml</file>
      <description>Create an access token from an authorization code.</description>
    </component>
    <component name="grantTokenFromRefreshToken">
      <file>grantTokenFromRefreshToken.xml</file>
      <description>Create an access token from a refresh token.</description>
    </component>
    <component name="getUserInformation">
      <file>getUserInformation.xml</file>
      <description>To retrieve user profile attributes.</description>
    </component>
  </subComponents>
</component>