<template name="getUserInformation" xmlns="http://ws.apache.org/ns/synapse">
	<!-- Required parameters -->
	<parameter name="schema"
		description="Pass the schema that is used to return as per openidconnect protocol." />

	<sequence>
		<property name="uri.var.schema" expression="$func:schema" />

		<property name="messageType" scope="axis2" value="application/json" />

		<call>
			<endpoint>
				<http method="get"
					uri-template="{uri.var.apiUrl}/v1/identity/openidconnect/userinfo/?schema={uri.var.schema}" />

			</endpoint>
		</call>

		<!-- Remove response custom header information -->
		<header name="Paypal-Debug-Id" scope="transport" action="remove" />
		<header name="DC" scope="transport" action="remove" />
		<header name="PROXY_SERVER_INFO" scope="transport" action="remove" />
	</sequence>
</template>