<template name="grantTokenFromAuthorization" xmlns="http://ws.apache.org/ns/synapse">
	<!-- Required parameters -->
	<parameter name="clientId" description="Unique client identifier obtained through the application registration process." />
	<parameter name="clientSecret" description="Unique client secret key obtained through the application registration process." />
	<parameter name="grantType" description="Token grant type. Value must be set to authorization_code." />
	<parameter name="code"
		description="Authorization code previously received from the authorization server" />
	<parameter name="redirectUri" description="Redirection endpoint" />
	

	<sequence>
		<property name="uri.var.clientId" expression="$func:clientId" />
		<property name="uri.var.clientSecret" expression="$func:clientSecret" />
		<property name="uri.var.grantType" expression="$func:grantType" />
		<property name="uri.var.code" expression="$func:code" />
		<property name="uri.var.redirectUri" expression="$func:redirectUri" />
		
		<!-- Setting up a new  Authorization header-->
		<property xmlns:ns2="http://org.apache.synapse/xsd" xmlns:ns="http://org.apache.synapse/xsd" name="Authorization"
			expression="fn:concat('Basic ', base64Encode(fn:concat(get-property('uri.var.clientId'),':',get-property('uri.var.clientSecret'))))"
			scope="transport" type="STRING" />
		
		<payloadFactory media-type="json">
			<format>
			
				  {
				  	"grant_type":"$1",
					"code":"$2",
					"redirect_uri":"$3"
				  }
				  
			</format>
			<args>
				<arg expression="get-property('uri.var.grantType')" />
				<arg expression="get-property('uri.var.code')" />
				<arg expression="get-property('uri.var.redirectUri')" />
			</args>
		</payloadFactory>

		<property name="messageType" value="application/x-www-form-urlencoded" scope="axis2" />

		<call>
			<endpoint>
				<http method="post"
					uri-template="{uri.var.apiUrl}/v1/identity/openidconnect/tokenservice" />
			</endpoint>
		</call>
		
		<!-- Remove response custom header information -->
		<header name="Paypal-Debug-Id" scope="transport" action="remove" />
		<header name="DC" scope="transport" action="remove" />
		<header name="PROXY_SERVER_INFO" scope="transport" action="remove" />
	</sequence>
</template>