<template name="lookupRefund" xmlns="http://ws.apache.org/ns/synapse"> 
	
	<!-- Required parameters -->
	<parameter name="refundId" description="The refund id" />
	
	<sequence>
		
		<property name="uri.var.refundId" expression="$func:refundId" />
	
		<call>
			<endpoint>
				<http method="get" uri-template="{uri.var.apiUrl}/v1/payments/refund/{uri.var.refundId}" />
			</endpoint>
		</call>
	
		<!-- Remove response custom header information -->
		<header name="Paypal-Debug-Id" scope="transport" action="remove"/>
		<header name="DC" scope="transport" action="remove"/> 
		<header name="PROXY_SERVER_INFO" scope="transport" action="remove"/>
		
	</sequence>
	
</template>