<?xml version="1.0" encoding="UTF-8"?>
<api xmlns="http://ws.apache.org/ns/synapse"
     name="PhoneRetail"
     context="/phoneRetail">
   <resource methods="POST" url-mapping="/search">
      <inSequence>
         <header name="Action" value="urn:searchPhones"/>
         <payloadFactory media-type="xml">
            <format>
               <soapenv:Envelope xmlns:soapenv="http://schemas.xmlsoap.org/soap/envelope/"
                                 xmlns:dat="http://ws.wso2.org/dataservice">
                  <soapenv:Header/>
                  <soapenv:Body>
                     <dat:searchPhones>
                        <dat:param0>$1</dat:param0>
                     </dat:searchPhones>
                  </soapenv:Body>
               </soapenv:Envelope>
            </format>
            <args>
               <arg evaluator="json" expression="$.brand"/>
            </args>
         </payloadFactory>
         <send>
            <endpoint>
               <address uri="http://localhost:9765/services/phoneRetail/" format="soap12"/>
            </endpoint>
         </send>
      </inSequence>
      <outSequence>
         <property name="messageType" value="application/json" scope="axis2"/>
         <send/>
      </outSequence>
   </resource>
   <resource methods="POST" url-mapping="/purchase">
      <inSequence>
         <property name="shipment_details" expression="json-eval($.shipment_details)"/>
         <property name="id" expression="json-eval($.productID)"/>
         <property name="brand" expression="json-eval($.brand)"/>
         <property name="name" expression="json-eval($.name)"/>
         <property name="orderDate" expression="json-eval($.orderDate)"/>
         <property name="apiUrl" expression="json-eval($.apiUrl)"/>
         <property name="accessToken" expression="json-eval($.accessToken)"/>
         <property name="intent" expression="json-eval($.intent)"/>
         <property name="payer" expression="json-eval($.payer)"/>
         <property name="transactions" expression="json-eval($.transactions)"/>
         <property name="redirectUrls" expression="json-eval($.redirectUrls)"/>
         <paypal.init>
            <apiUrl>{$ctx:apiUrl}</apiUrl>
            <accessToken>{$ctx:accessToken}</accessToken>
         </paypal.init>
         <paypal.createPayment>
            <intent>{$ctx:intent}</intent>
            <payer>{$ctx:payer}</payer>
            <transactions>{$ctx:transactions}</transactions>
            <redirectUrls>{$ctx:redirectUrls}</redirectUrls>
         </paypal.createPayment>
         <filter source="$axis2:HTTP_SC" regex="^[^2][\d][\d]">
            <then>
               <property name="ERROR_CODE" expression="$axis2:HTTP_SC"/>
               <switch source="$axis2:HTTP_SC">
                  <case regex="400">
                     <property name="ERROR_MESSAGE" value="Bad Request"/>
                     <property name="issue" expression="json-eval($.details[0].issue)"/>
                     <property name="fieldName" expression="json-eval($.details[0].field)"/>
                     <filter xpath="get-property('issue') = '' or (not(string(get-property('issue'))))">
                        <then>
                           <property name="error_description" expression="json-eval($.message)"/>
                        </then>
                        <else>
                           <property name="error_description"
                                     expression="fn:concat( get-property('fieldName'), ' - ',get-property('issue'))"/>
                        </else>
                     </filter>
                  </case>
                  <case regex="401">
                     <property name="ERROR_MESSAGE" value="Unauthorized"/>
                  </case>
                  <case regex="404">
                     <property name="ERROR_MESSAGE" value="Not Found"/>
                  </case>
               </switch>
               <respond/>
            </then>
         </filter>
         <enrich>
            <source type="envelope" clone="true"/>
            <target type="property" property="PAYPAL_RESPONSE"/>
         </enrich>
         <payloadFactory media-type="xml">
            <format>
               <soap:Envelope xmlns:soap="http://www.w3.org/2003/05/soap-envelope"
                              xmlns:dat="http://ws.wso2.org/dataservice">
                  <soap:Header/>
                  <soap:Body>
                     <dat:updatePhones>
                        <dat:param0>SOLD</dat:param0>
                        <dat:param1>$1</dat:param1>
                        <dat:param2>$2</dat:param2>
                        <dat:param3>$3</dat:param3>
                        <dat:param4>$4</dat:param4>
                     </dat:updatePhones>
                  </soap:Body>
               </soap:Envelope>
            </format>
            <args>
               <arg evaluator="xml" expression="$ctx:shipment_details"/>
               <arg evaluator="xml" expression="$ctx:name"/>
               <arg evaluator="xml" expression="$ctx:orderDate"/>
               <arg evaluator="xml" expression="$ctx:id"/>
            </args>
         </payloadFactory>
         <call>
            <endpoint>
               <address uri="http://localhost:9765/services/phoneRetail/" format="soap12"/>
            </endpoint>
         </call>
         <payloadFactory media-type="xml">
            <format>
               <sfdc:sObjects xmlns:sfdc="sfdc" type="PhoneRetail__c">
                  <sfdc:sObject>
                     <sfdc:buyerName__c>$1</sfdc:buyerName__c>
                     <sfdc:OrderDate__c>$2</sfdc:OrderDate__c>
                     <sfdc:shipment_address__c>$3</sfdc:shipment_address__c>
                  </sfdc:sObject>
               </sfdc:sObjects>
            </format>
            <args>
               <arg evaluator="xml" expression="$ctx:name"/>
               <arg evaluator="xml" expression="$ctx:orderDate"/>
               <arg evaluator="xml" expression="$ctx:shipment_details"/>
            </args>
         </payloadFactory>
         <salesforce.init>
            <username>shafreen2@gmail.com</username>
            <password>abcd123463ZUCli6fMM1zNP6ji5BwfUg</password>
            <loginUrl>https://login.salesforce.com/services/Soap/u/32.0</loginUrl>
         </salesforce.init>
         <salesforce.create>
            <allOrNone>0</allOrNone>
            <allowFieldTruncate>0</allowFieldTruncate>
            <sobjects xmlns:sfdc="sfdc">{//sfdc:sObjects}</sobjects>
         </salesforce.create>
         <bam>
            <serverProfile name="phoneRetailKPI">
               <streamConfig name="org.wso2.bam.phone.retail.store.kpi" version="1.0.0"/>
            </serverProfile>
         </bam>
         <enrich>
            <source type="property" clone="true" property="PAYPAL_RESPONSE"/>
            <target type="envelope"/>
         </enrich>
         <property name="messageType" value="application/json" scope="axis2"/>
         <respond/>
      </inSequence>
   </resource>
</api>
