<template name="lookupCapturedPayment" xmlns="http://ws.apache.org/ns/synapse">
	<!-- Required parameters -->
	<parameter name="captureId" description="The capture id" />

	<sequence>
		<property name="uri.var.captureId" expression="$func:captureId" />

		<call>
			<endpoint>
				<http method="get"
					uri-template="{uri.var.apiUrl}/v1/payments/capture/{uri.var.captureId}" />
			</endpoint>
		</call>
		
		<!-- Remove response custom header information -->
		<header name="Paypal-Debug-Id" scope="transport" action="remove"/>
        <header name="DC" scope="transport" action="remove"/>
        <header name="PROXY_SERVER_INFO" scope="transport" action="remove"/>
        
	</sequence>
</template>