<template name="createPayment" xmlns="http://ws.apache.org/ns/synapse">

	<!-- Required parameters -->
	<parameter name="intent"
		description="Payment intent, Must be set to sale for immediate payment or authorize for a delayed payment to be captured at a later time." />
	<parameter name="payer"
		description="Source of the funds for this payment represented by a PayPal account or a credit card." />
	<parameter name="transactions"
		description="Transactional details including the amount and item details." />
	<parameter name="redirectUrls"
		description="Set of redirect URLs you provide only for PayPal-based payments." />

	<sequence>
		<property name="uri.var.intent" expression="$func:intent" />
		<property name="uri.var.payer" expression="$func:payer" />
		<property name="uri.var.transactions" expression="$func:transactions" />
		<property name="uri.var.redirectUrls" expression="$func:redirectUrls" />

		<filter xpath="get-property('uri.var.redirectUrls') = '' or not(string(get-property('uri.var.redirectUrls')))">
			<then>
				<payloadFactory media-type="json">
					<format>
						{
						"intent": "$1",
						"payer": $2,
						"transactions": $3
						}
					</format>
					<args>
						<arg expression="get-property('uri.var.intent')" />
						<arg expression="get-property('uri.var.payer')" />
						<arg expression="get-property('uri.var.transactions')" />
					</args>
				</payloadFactory>
			</then>
			<else>
				<payloadFactory media-type="json">
					<format>
						{
						"intent": "$1",
						"payer": $2,
						"redirect_urls": $3,
						"transactions": $4
						}
					</format>
					<args>
						<arg expression="get-property('uri.var.intent')" />
						<arg expression="get-property('uri.var.payer')" />
						<arg expression="get-property('uri.var.redirectUrls')" />
						<arg expression="get-property('uri.var.transactions')" />
					</args>
				</payloadFactory>
			</else>
		</filter>

		<property name="messageType" scope="axis2" value="application/json" />

		<call>
			<endpoint>
				<http method="post" uri-template="{uri.var.apiUrl}/v1/payments/payment" />
			</endpoint>
		</call>

		<!-- Remove response custom header information -->
		<header name="Paypal-Debug-Id" scope="transport" action="remove" />
		<header name="DC" scope="transport" action="remove" />
		<header name="PROXY_SERVER_INFO" scope="transport" action="remove" />

	</sequence>
</template>