<template name="executeApprovedPayment" xmlns="http://ws.apache.org/ns/synapse">
	<!-- Required parameters -->
	<parameter name="id"
		description="Pass the payment id in the resource URI and include updated details as a payment-execution object in the body." />
	<parameter name="payerId" description="The ID of the Payer" />
	<parameter name="transactions"
		description="Transactional details if updating a payment." />

	<sequence>
		<property name="uri.var.id" expression="$func:id" />
		<property name="uri.var.payerId" expression="$func:payerId" />
		<property name="uri.var.transactions" expression="$func:transactions" />
		<filter
			xpath="get-property('uri.var.transactions') = '' or (not(string(get-property('uri.var.transactions'))))">
			<then>
				<payloadFactory media-type="json">
					<format>
						{
						"payer_id" : "$1"
						}
					</format>
					<args>
						<arg expression="get-property('uri.var.payerId')" />
					</args>
				</payloadFactory>
			</then>
			<else>
				<payloadFactory media-type="json">
					<format>
						{
						"payer_id" : "$1",
						"transactions": $2
						}
					</format>
					<args>
						<arg expression="get-property('uri.var.payerId')" />
						<arg expression="get-property('uri.var.transactions')" />
					</args>
				</payloadFactory>
			</else>
		</filter>

		<property name="messageType" value="application/json" scope="axis2" />

		<call>
			<endpoint>
				<http method="post"
					uri-template="{uri.var.apiUrl}/v1/payments/payment/{uri.var.id}/execute" />
			</endpoint>
		</call>

		<!-- Remove response custom header information -->
		<header name="Paypal-Debug-Id" scope="transport" action="remove" />
		<header name="DC" scope="transport" action="remove" />
		<header name="PROXY_SERVER_INFO" scope="transport" action="remove" />


	</sequence>
</template>