<template name="listPayments" xmlns="http://ws.apache.org/ns/synapse">

	<!-- Optional parameters -->
	<parameter name="count"
		description="Number of items to return. Default is 10 with a maximum value of 20." />
	<parameter name="startId"
		description="Resource ID that indicates the starting resource to return." />
	<parameter name="startIndex"
		description="Start index of the resources to be returned." />
	<parameter name="startTime"
		description="Resource creation time as defined in RFC 3339 Section 5.6 that indicates the start of a range of results." />
	<parameter name="endTime"
		description="Resource creation time that indicates the end of a range of results." />
	<parameter name="sortBy" description="Sort based on create_time or update_time." />
	<parameter name="sortOrder" description="Sort based on order of results." />

	<sequence>

		<property name="uri.var.count" expression="$func:count" />
		<property name="uri.var.startId" expression="$func:startId" />
		<property name="uri.var.startIndex" expression="$func:startIndex" />
		<property name="uri.var.startTime" expression="$func:startTime" />
		<property name="uri.var.endTime" expression="$func:endTime" />
		<property name="uri.var.sortBy" expression="$func:sortBy" />
		<property name="uri.var.sortOrder" expression="$func:sortOrder" />

		<script language="js">
			<![CDATA[
			var apiUrl=mc.getProperty('uri.var.apiUrl')+'/v1/payments/payment?';
			var count=mc.getProperty('uri.var.count');

			if(count!="")
			{
				apiUrl=apiUrl+'count='+count;
			}

			var startId=mc.getProperty('uri.var.startId');
			if(startId!="")
			{
				apiUrl=apiUrl+'&start_id='+startId;
			}

			var startIndex=mc.getProperty('uri.var.startIndex');
			if(startIndex!="")
			{
				apiUrl=apiUrl+'&start_index='+startIndex;
			}

			var startTime=mc.getProperty('uri.var.startTime');
			if(startTime!="")
			{
				apiUrl=apiUrl+'&start_time='+startTime;			
			}

			var endTime=mc.getProperty('uri.var.endTime');
			if(endTime!="")
			{
				apiUrl=apiUrl+'&end_time='+endTime;			
			}

			var sortBy=mc.getProperty('uri.var.sortBy');
			if(sortBy!="")
			{
				apiUrl=apiUrl+'&sort_by='+sortBy;
			}

			var sortOrder=mc.getProperty('uri.var.sortOrder');
			if(sortOrder!="")
			{
				apiUrl=apiUrl+'&sort_order='+sortOrder;
			}

			mc.setProperty('uri.var.apiUrl',apiUrl);
			]]>
		</script>

		<call>
			<endpoint>
				<http method="get" uri-template="{uri.var.apiUrl}" />
			</endpoint>
		</call>

		<!-- Remove response custom header information -->
		<header name="Paypal-Debug-Id" scope="transport" action="remove" />
		<header name="DC" scope="transport" action="remove" />
		<header name="PROXY_SERVER_INFO" scope="transport" action="remove" />

	</sequence>

</template>