<template name="lookupPayment" xmlns="http://ws.apache.org/ns/synapse">
	<!-- Required parameters -->
	<parameter name="paymentId" description="Pass the payment id in the resource URI." />

	<sequence>
	
		<property name="uri.var.id" expression="$func:paymentId" />
		<call>
			<endpoint>
				<http method="get"
					uri-template="{uri.var.apiUrl}/v1/payments/payment/{uri.var.id}" />
			</endpoint>
		</call>

		<!-- Remove response custom header information -->
		<header name="Paypal-Debug-Id" scope="transport" action="remove" />
		<header name="DC" scope="transport" action="remove" />
		<header name="PROXY_SERVER_INFO" scope="transport" action="remove" />

	</sequence>
</template>