<template name="init" xmlns="http://ws.apache.org/ns/synapse">

	<parameter name="apiUrl" description="URL of the Paypal API. This is an optional parameter which has a default value of https://api.paypal.com" />
	<parameter name="accessToken"
		description="The access token allows to make requests to the API on a behalf of a user." />

	<sequence>
		<property name="uri.var.apiUrl" expression="$func:apiUrl" />
		<property name="uri.var.accessToken" expression="$func:accessToken" />
		<property xmlns:ns2="http://org.apache.synapse/xsd" xmlns:ns="http://org.apache.synapse/xsd"
			name="Authorization" expression="fn:concat('Bearer ', get-property('uri.var.accessToken'))"
			scope="transport" type="STRING" />

		<filter xpath="get-property('uri.var.apiUrl') = '' or not(string(get-property('uri.var.apiUrl')))">
			<then>
				<property name="uri.var.apiUrl" value="https://api.paypal.com" />
			</then>
		</filter>
	</sequence>

</template>