<?xml version="1.0" encoding="UTF-8"?>
<connector>
    <component name="paypal" package="org.wso2.carbon.connector" >
        <dependency component="paypal_config"/>
        <dependency component="paypal_payments"/>
        <dependency component="paypal_captures"/>
        <dependency component="paypal_identity"/>
		<dependency component="paypal_authorizations"/>
		<dependency component="paypal_refunds"/>
		<dependency component="paypal_sales"/>
		<dependency component="paypal_vault"/>
        <description>PayPal API connector libraries</description>
    </component>
</connector>
